seed,attack,client,malicious,trust,similarity,validation,outlier
11,label_flip,0,0,0.601638101548912,0.8715223,0.6681239704602158,0.84330994
11,label_flip,1,0,0.7261364836620163,0.8978938,0.5834667055739878,0.11222505
11,label_flip,2,1,0.28953338773785786,0.4070718,0.26403384298763827,1.0
11,label_flip,3,0,0.6240300576698541,0.71085,0.4945492519684515,0.18658589
11,label_flip,4,0,0.715196153870792,0.89940524,0.5520831526789521,0.11427274
11,label_flip,5,0,0.5628220536417166,0.8367312,0.6765791285907653,1.0
11,label_flip,6,0,0.7019939339913157,0.85448647,0.5760839004622266,0.15490691
11,label_flip,7,0,0.6841147261321423,0.85289884,0.5417793272392745,0.1818885
11,label_flip,8,0,0.6355151057757821,0.8133271,0.5242655534170602,0.33487982
11,label_flip,9,1,0.3372624262229846,0.37933365,0.3043211993876656,0.7902505
11,label_flip,10,0,0.6342000153521301,0.87124497,0.6442079066831731,0.6382312
11,label_flip,11,0,0.4847157995616674,0.6730867,0.5675252791572978,0.95422035
11,label_flip,12,0,0.6080704617733723,0.694224,0.560677439892566,0.35716927
11,label_flip,13,0,0.6030146152843832,0.67882186,0.5312050243416853,0.30776855
11,label_flip,14,0,0.6817818121650047,0.87037885,0.5424854206295884,0.2210088
11,label_flip,15,1,0.31773609058697816,0.40040836,0.2812754167443172,0.8791641
11,label_flip,16,0,0.6035952055881004,0.70169395,0.5311466013901518,0.33907148
11,label_flip,17,1,0.4306073425047426,0.18533164,0.47621291814328054,0.33333334
11,label_flip,18,0,0.6737759768825635,0.75090885,0.49572372432602746,0.0
11,label_flip,19,0,0.7061317836361708,0.8927718,0.5488145365935231,0.14392419
11,sign_flip,0,0,0.6087407288560885,0.8205265,0.6681239704602158,0.7313031
11,sign_flip,1,0,0.746842287890799,0.8920964,0.5834667055739878,0.0
11,sign_flip,2,1,0.33278330939239953,0.2338157,0.5361102756212636,1.0
11,sign_flip,3,0,0.6124216954719781,0.74703157,0.4945492519684515,0.29890013
11,sign_flip,4,0,0.7021215323126027,0.9306849,0.5520831526789521,0.22656539
11,sign_flip,5,0,0.5494826326283464,0.78240913,0.6765791285907653,0.98521405
11,sign_flip,6,0,0.7220254904783991,0.8464501,0.5760839004622266,0.042694595
11,sign_flip,7,0,0.6723146306931851,0.8884404,0.5417793272392745,0.2942013
11,sign_flip,8,0,0.6300028160728898,0.8698584,0.5242655534170602,0.4472383
11,sign_flip,9,1,0.314128039086472,0.19902691,0.5126284617884133,1.0
11,sign_flip,10,0,0.6429844882944824,0.8258145,0.6442079066831731,0.52616316
11,sign_flip,11,0,0.5001350368773221,0.649835,0.5675252791572978,0.8422466
11,sign_flip,12,0,0.6253605473274952,0.67708963,0.560677439892566,0.24501732
11,sign_flip,13,0,0.5821971864570974,0.6843307,0.5312050243416853,0.42011893
11,sign_flip,14,0,0.6720080064275092,0.91268253,0.5424854206295884,0.33333334
11,sign_flip,15,1,0.3225077790095869,0.23387611,0.506699846493194,1.0
11,sign_flip,16,0,0.5839812615940552,0.7112206,0.5311466013901518,0.4514312
11,sign_flip,17,1,0.43662120741412813,0.12949574,0.44628014214849976,0.16712786
11,sign_flip,18,0,0.6606899559360608,0.78212786,0.49572372432602746,0.112258546
11,sign_flip,19,0,0.6942404334860625,0.9280015,0.5488145365935231,0.25622568
11,backdoor,0,0,0.5979644214222449,0.85926807,0.6681239704602158,0.843297
11,backdoor,1,0,0.7288429070638489,0.906914,0.5834667055739878,0.112223335
11,backdoor,2,1,0.458744286682588,0.6550387,0.5123354343754397,0.9604237
11,backdoor,3,0,0.6360030959856271,0.7507582,0.4945492519684515,0.18658303
11,backdoor,4,0,0.7185662153875538,0.9106376,0.5520831526789521,0.11427099
11,backdoor,5,0,0.5621309973901907,0.8344276,0.6765791285907653,1.0
11,backdoor,6,0,0.708377204016569,0.87576246,0.5760839004622266,0.15490453
11,backdoor,7,0,0.6923095750272152,0.88021314,0.5417793272392745,0.18188572
11,backdoor,8,0,0.6415566623725381,0.8334621,0.5242655534170602,0.3348747
11,backdoor,9,1,0.5460274937147664,0.7295601,0.5536254715053147,0.7080473
11,backdoor,10,0,0.6338159081200363,0.86995804,0.6442079066831731,0.63822144
11,backdoor,11,0,0.4802712721218943,0.65826184,0.5675252791572978,0.9542057
11,backdoor,12,0,0.6030681121582753,0.67754585,0.560677439892566,0.3571638
11,backdoor,13,0,0.5987872005571722,0.66472733,0.5312050243416853,0.30776381
11,backdoor,14,0,0.6864906536080665,0.8860728,0.5424854206295884,0.22100542
11,backdoor,15,1,0.4219349512813265,0.5978512,0.3504426548474672,0.77537674
11,backdoor,16,0,0.59269624297118,0.66536057,0.5311466013901518,0.3390663
11,backdoor,17,1,0.637425615206997,0.8275301,0.5166664345367763,0.33333334
11,backdoor,18,0,0.6843372642856702,0.78611314,0.49572372432602746,0.0
11,backdoor,19,0,0.7102286790924849,0.90642655,0.5488145365935231,0.14392199
29,label_flip,0,1,0.5663658242980942,0.50401753,0.5267638511772115,0.221034
29,label_flip,1,0,0.6915810724377213,0.8456516,0.5709576749459839,0.184748
29,label_flip,2,0,0.5625507043241713,0.69331384,0.5373703756330277,0.5426155
29,label_flip,3,0,0.7251847596369553,0.88228,0.5619380137472971,0.055887856
29,label_flip,4,0,0.6246925093444914,0.8460984,0.6217738071262071,0.6087893
29,label_flip,5,0,0.5530250234804934,0.80765796,0.6735075069048254,1.0
29,label_flip,6,0,0.5738967828980244,0.6393728,0.4995164425688574,0.3387291
29,label_flip,7,0,0.6228141672902039,0.78425896,0.5125312485844555,0.33424735
29,label_flip,8,0,0.6208534863796462,0.77755237,0.5121555661038641,0.33333334
29,label_flip,9,0,0.7035081905599332,0.8542526,0.5407094820555893,0.08507954
29,label_flip,10,1,0.47621184147679446,0.32953328,0.38193610756975244,0.156629
29,label_flip,11,1,0.447818543599423,0.24720633,0.47336020380649185,0.33509722
29,label_flip,12,0,0.5539827849367163,0.82998204,0.6546643704975542,0.9957218
29,label_flip,13,0,0.6516489071537089,0.7905605,0.5778304630486829,0.31379956
29,label_flip,14,0,0.6617497164304553,0.8121912,0.5241819757210354,0.20185673
29,label_flip,15,1,0.49071567159464724,0.27951586,0.42968402878360434,0.09264256
29,label_flip,16,0,0.5673495617357476,0.60972965,0.50595708314793,0.33827165
29,label_flip,17,0,0.6457186781782618,0.8732537,0.6437796633637266,0.58290166
29,label_flip,18,0,0.5831131255177104,0.657176,0.5108500223918881,0.33918592
29,label_flip,19,0,0.7211105026981854,0.84972197,0.5462682610981875,0.0
29,sign_flip,0,1,0.374179768320199,0.40910694,0.5041362295726258,1.0
29,sign_flip,1,0,0.7209936996578751,0.8313298,0.5709576749459839,0.016202245
29,sign_flip,2,0,0.6115890176533911,0.6842602,0.5373703756330277,0.2838434
29,sign_flip,3,0,0.7177687646351624,0.8737477,0.5619380137472971,0.080169395
29,sign_flip,4,0,0.6760184414896101,0.83354753,0.6217738071262071,0.33333334
29,sign_flip,5,0,0.5882757505677527,0.7934437,0.6735075069048254,0.80242497
29,sign_flip,6,0,0.56805382897766,0.64427334,0.4995164425688574,0.3752947
29,sign_flip,7,0,0.6192776300005844,0.79760087,0.5125312485844555,0.37194288
29,sign_flip,8,0,0.6163986948337783,0.787987,0.5121555661038641,0.3712593
29,sign_flip,9,0,0.6821876389260983,0.8501948,0.5407094820555893,0.18559578
29,sign_flip,10,1,0.3141881407221286,0.18655008,0.5234946164120176,1.0
29,sign_flip,11,1,0.5057308660377239,0.25518125,0.4405042362863606,0.0
29,sign_flip,12,0,0.6250099922996475,0.8180659,0.6546643704975542,0.62271154
29,sign_flip,13,0,0.688325194804771,0.7787597,0.5778304630486829,0.11271705
29,sign_flip,14,0,0.6468188572223483,0.80980444,0.5241819757210354,0.27293086
29,sign_flip,15,1,0.3262587837714565,0.18300027,0.4891354558265244,0.87419355
29,sign_flip,16,0,0.5623773273674233,0.6176095,0.50595708314793,0.37495255
29,sign_flip,17,0,0.6982862719315996,0.86919296,0.6437796633637266,0.31397253
29,sign_flip,18,0,0.5776851316836917,0.66338295,0.5108500223918881,0.3756363
29,sign_flip,19,0,0.6937175341627622,0.8397232,0.5462682610981875,0.12196668
29,backdoor,0,1,0.5760783350999974,0.72211146,0.38763828973992154,0.25614265
29,backdoor,1,0,0.7021287401794968,0.8808105,0.5709576749459839,0.184748
29,backdoor,2,0,0.5463316099285338,0.6392502,0.5373703756330277,0.5426155
29,backdoor,3,0,0.7336025448046494,0.91033936,0.5619380137472971,0.055887856
29,backdoor,4,0,0.6319858528884977,0.8704096,0.6217738071262071,0.6087893
29,backdoor,5,0,0.5599649710856265,0.8307911,0.6735075069048254,1.0
29,backdoor,6,0,0.5915139936438358,0.6980969,0.4995164425688574,0.3387291
29,backdoor,7,0,0.6317955292754105,0.8141968,0.5125312485844555,0.33424735
29,backdoor,8,0,0.6338602182474364,0.8209081,0.5121555661038641,0.33333334
29,backdoor,9,0,0.7129450959439969,0.8857089,0.5407094820555893,0.08507954
29,backdoor,10,1,0.5752671402250786,0.6265328,0.4058365088289859,0.14867744
29,backdoor,11,1,0.6141081534630908,0.7708993,0.4995972664035087,0.33510345
29,backdoor,12,0,0.5603286232450506,0.8511348,0.6546643704975542,0.9957218
29,backdoor,13,0,0.6596354974199367,0.8171824,0.5778304630486829,0.31379956
29,backdoor,14,0,0.677040915518552,0.8631618,0.5241819757210354,0.20185673
29,backdoor,15,1,0.6623023631217522,0.7949426,0.4836243567133068,0.10224478
29,backdoor,16,0,0.5769400533882363,0.64169794,0.50595708314793,0.33827165
29,backdoor,17,0,0.6455993794817438,0.8728561,0.6437796633637266,0.58290166
29,backdoor,18,0,0.5902658617046916,0.6810185,0.5108500223918881,0.33918592
29,backdoor,19,0,0.7340186633846784,0.8927492,0.5462682610981875,0.0
