seed,attack,threshold,malicious_reject,benign_reject,screening_precision,screening_recall,screening_f1,attack_success_rate,accuracy,macro_f1,balanced_accuracy,mcc,fpr,mean_trust_malicious,mean_trust_benign,min_trust_malicious,max_trust_malicious,min_trust_benign,max_trust_benign
11,label_flip,0.35,0.75,0.0,1.0,0.75,0.8571428571428571,,0.7644779672545304,0.7357867580651138,0.738694657553521,0.5722612849704832,0.5160810810810811,0.3437848117631408,0.6404207679084952,0.28953338773785786,0.4306073425047426,0.4847157995616674,0.7261364836620163
11,label_flip,0.45,1.0,0.0,1.0,1.0,1.0,,0.7644293834717971,0.7357227621723237,0.738640603499467,0.5721767272538588,0.5161891891891892,0.3437848117631408,0.6404207679084952,0.28953338773785786,0.4306073425047426,0.4847157995616674,0.7261364836620163
11,label_flip,0.55,1.0,0.0625,0.8,1.0,0.888888888888889,,0.7556357187970656,0.7281786548363958,0.7309580953493863,0.5437095354716808,0.5128918918918919,0.3437848117631408,0.6404207679084952,0.28953338773785786,0.4306073425047426,0.4847157995616674,0.7261364836620163
11,label_flip,0.65,1.0,0.5625,0.3076923076923077,1.0,0.47058823529411764,,0.7462711946752174,0.7458331426372482,0.7582379489698823,0.5227725469170589,0.12351351351351351,0.3437848117631408,0.6404207679084952,0.28953338773785786,0.4306073425047426,0.4847157995616674,0.7261364836620163
11,label_flip,0.75,1.0,0.9375,0.21052631578947367,1.0,0.34782608695652173,,0.715128989943157,0.7084931721816978,0.7071019863064334,0.4206234320191932,0.3722162162162162,0.3437848117631408,0.6404207679084952,0.28953338773785786,0.4306073425047426,0.4847157995616674,0.7261364836620163
11,sign_flip,0.35,0.75,0.0,1.0,0.75,0.8571428571428571,,0.7642836321235972,0.735254162819601,0.7383343822513062,0.5728915799439203,0.5180810810810811,0.3515100837256466,0.6378467956752734,0.314128039086472,0.43662120741412813,0.5001350368773221,0.746842287890799
11,sign_flip,0.45,1.0,0.0,1.0,1.0,1.0,,0.7642836321235972,0.735254162819601,0.7383343822513062,0.5728915799439203,0.5180810810810811,0.3515100837256466,0.6378467956752734,0.314128039086472,0.43662120741412813,0.5001350368773221,0.746842287890799
11,sign_flip,0.55,1.0,0.125,0.6666666666666666,1.0,0.8,,0.7487854054316669,0.7222339700912586,0.7249211236737487,0.5228829937402548,0.5108918918918919,0.3515100837256466,0.6378467956752734,0.314128039086472,0.43662120741412813,0.5001350368773221,0.746842287890799
11,sign_flip,0.65,1.0,0.5625,0.3076923076923077,1.0,0.47058823529411764,,0.7463562162950007,0.7459236845914898,0.7582977706816496,0.5228428582067853,0.1237027027027027,0.3515100837256466,0.6378467956752734,0.314128039086472,0.43662120741412813,0.5001350368773221,0.746842287890799
11,sign_flip,0.75,1.0,0.9375,0.21052631578947367,1.0,0.34782608695652173,,0.7150318223776904,0.7083279483914096,0.7069292999873604,0.42040122894877185,0.37313513513513513,0.3515100837256466,0.6378467956752734,0.314128039086472,0.43662120741412813,0.5001350368773221,0.746842287890799
11,backdoor,0.35,0.0,0.0,0.0,0.0,0.0,0.32365657813465104,0.7237283194869553,0.704062252841297,0.7048591925994643,0.44787533286836645,0.4815945945945946,0.5160330867214196,0.6422154007237855,0.4219349512813265,0.637425615206997,0.4802712721218943,0.7288429070638489
11,backdoor,0.45,0.25,0.0,1.0,0.25,0.4,0.18556428130239125,0.7388743137540689,0.7144189691185412,0.7165989301752118,0.4925233747423414,0.5035135135135135,0.5160330867214196,0.6422154007237855,0.4219349512813265,0.637425615206997,0.4802712721218943,0.7288429070638489
11,backdoor,0.55,0.75,0.0625,0.75,0.75,0.75,0.03935409864996029,0.7497449351406501,0.7230575562866982,0.7257626675029393,0.5257711268898712,0.5112162162162163,0.5160330867214196,0.6422154007237855,0.4219349512813265,0.637425615206997,0.4802712721218943,0.7288429070638489
11,backdoor,0.65,1.0,0.5625,0.3076923076923077,1.0,0.47058823529411764,0.5186623135974587,0.746331924403634,0.7458901181790614,0.7583179354241738,0.522970847428962,0.12324324324324325,0.5160330867214196,0.6422154007237855,0.4219349512813265,0.637425615206997,0.4802712721218943,0.7288429070638489
11,backdoor,0.75,1.0,0.9375,0.21052631578947367,1.0,0.34782608695652173,0.2636106944321892,0.7153354710197736,0.7087774443658909,0.7073938104697832,0.421073527426605,0.37108108108108107,0.5160330867214196,0.6422154007237855,0.4219349512813265,0.637425615206997,0.4802712721218943,0.7288429070638489
29,label_flip,0.35,0.0,0.0,0.0,0.0,0.0,,0.7637492105135306,0.7344857935754014,0.7377074985512293,0.5721831827256323,0.5196216216216216,0.49527797024223974,0.6289237483126516,0.447818543599423,0.5663658242980942,0.5530250234804934,0.7251847596369553
29,label_flip,0.45,0.25,0.0,1.0,0.25,0.4,,0.763724918622164,0.7344633059381893,0.7376854390788918,0.5721071924565395,0.5196216216216216,0.49527797024223974,0.6289237483126516,0.447818543599423,0.5663658242980942,0.5530250234804934,0.7251847596369553
29,label_flip,0.55,0.75,0.0,1.0,0.75,0.8571428571428571,,0.763360540251664,0.7341356707074786,0.7373595145485201,0.5709347991338525,0.5195675675675676,0.49527797024223974,0.6289237483126516,0.447818543599423,0.5663658242980942,0.5530250234804934,0.7251847596369553
29,label_flip,0.65,1.0,0.625,0.2857142857142857,1.0,0.4444444444444445,,0.6841082446679299,0.6710298685030851,0.670800153104662,0.35597275827404895,0.4607027027027027,0.49527797024223974,0.6289237483126516,0.447818543599423,0.5663658242980942,0.5530250234804934,0.7251847596369553
29,label_flip,0.75,1.0,0.9375,0.21052631578947367,1.0,0.34782608695652173,,0.6814482825632804,0.6686826203764651,0.6684293488759208,0.3503312171586493,0.4602162162162162,0.49527797024223974,0.6289237483126516,0.447818543599423,0.5663658242980942,0.5530250234804934,0.7251847596369553
29,sign_flip,0.35,0.5,0.0,1.0,0.5,0.6666666666666666,,0.763724918622164,0.7345594592250393,0.7377351146257879,0.5717698329299763,0.5190810810810811,0.38008938971287703,0.6432989860133848,0.3141881407221286,0.5057308660377239,0.5623773273674233,0.7209936996578751
29,sign_flip,0.45,0.75,0.0,1.0,0.75,0.8571428571428571,,0.7623038429772142,0.7333405984645459,0.7364943110409448,0.5670195092236868,0.5185405405405406,0.38008938971287703,0.6432989860133848,0.3141881407221286,0.5057308660377239,0.5623773273674233,0.7209936996578751
29,sign_flip,0.55,1.0,0.0,1.0,1.0,1.0,,0.7623281348685809,0.7333726394860014,0.7365213380679718,0.5670619918746824,0.5184864864864865,0.38008938971287703,0.6432989860133848,0.3141881407221286,0.5057308660377239,0.5623773273674233,0.7209936996578751
29,sign_flip,0.65,1.0,0.5625,0.3076923076923077,1.0,0.47058823529411764,,0.7435140650051013,0.716031747193082,0.7193990200824667,0.5114383394720343,0.5188918918918919,0.38008938971287703,0.6432989860133848,0.3141881407221286,0.5057308660377239,0.5623773273674233,0.7209936996578751
29,sign_flip,0.75,1.0,0.9375,0.21052631578947367,1.0,0.34782608695652173,,0.6898289850847787,0.6707051625188072,0.6723266197018514,0.3708184851969421,0.5006216216216216,0.38008938971287703,0.6432989860133848,0.3141881407221286,0.5057308660377239,0.5623773273674233,0.7209936996578751
29,backdoor,0.35,0.0,0.0,0.0,0.0,0.0,0.008713491573281567,0.7379755137735025,0.7114818450541065,0.714627773233394,0.4947297365769698,0.5160810810810811,0.6069389979774797,0.6367473468837733,0.5752671402250786,0.6623023631217522,0.5463316099285338,0.7340186633846784
29,backdoor,0.45,0.0,0.0,0.0,0.0,0.0,0.008713491573281567,0.7379755137735025,0.7114818450541065,0.714627773233394,0.4947297365769698,0.5160810810810811,0.6069389979774797,0.6367473468837733,0.5752671402250786,0.6623023631217522,0.5463316099285338,0.7340186633846784
29,backdoor,0.55,0.0,0.0625,0.0,0.0,0.0,0.01568428483190682,0.7259631734926881,0.7008471382866011,0.7038485205844687,0.46186224519915237,0.5146756756756756,0.6069389979774797,0.6367473468837733,0.5752671402250786,0.6623023631217522,0.5463316099285338,0.7340186633846784
29,backdoor,0.65,0.75,0.625,0.23076923076923078,0.75,0.3529411764705882,0.07555369275566928,0.6886629742991789,0.6810511340301297,0.6799932748419468,0.36612805515116287,0.4056756756756757,0.6069389979774797,0.6367473468837733,0.5752671402250786,0.6623023631217522,0.5463316099285338,0.7340186633846784
29,backdoor,0.75,1.0,0.9375,0.21052631578947367,1.0,0.34782608695652173,0.0940836495191035,0.7150682602147403,0.7141841829641852,0.7167807610398715,0.43135736944858494,0.2662972972972973,0.6069389979774797,0.6367473468837733,0.5752671402250786,0.6623023631217522,0.5463316099285338,0.7340186633846784
