attack,threshold,malicious_reject_mean,malicious_reject_std,benign_reject_mean,benign_reject_std,screening_precision_mean,screening_precision_std,screening_recall_mean,screening_recall_std,screening_f1_mean,screening_f1_std,attack_success_rate_mean,attack_success_rate_std,accuracy_mean,accuracy_std,macro_f1_mean,macro_f1_std,balanced_accuracy_mean,balanced_accuracy_std,mcc_mean,mcc_std,fpr_mean,fpr_std
backdoor,0.35,0.0,0.0,0.0,0.0,0.0,0.0,0.0,0.0,0.0,0.0,0.1228418482896556,0.17445108886976457,0.7354086705857585,0.0106319168588435,0.7111916142035852,0.0069887671851930535,0.7134575742688775,0.008077110598685176,0.4847329921653431,0.033014623246081516,0.5034504504504503,0.019004158042064154
backdoor,0.45,0.16666666666666666,0.14433756729740646,0.0,0.0,0.6666666666666666,0.5773502691896258,0.16666666666666666,0.14433756729740646,0.26666666666666666,0.23094010767585033,0.06677402276537546,0.10288403809383583,0.74474890281624,0.010962685481119646,0.7183441294815198,0.009456923298398175,0.7211438047064976,0.009629594807196029,0.5127507773010928,0.03314248886714389,0.5121081081081081,0.007450199893387068
backdoor,0.55,0.5,0.4330127018922193,0.041666666666666664,0.036084391824351615,0.5833333333333334,0.5204164998665332,0.5,0.4330127018922193,0.5357142857142857,0.4670248868079293,0.020338833495102796,0.017167925185086814,0.7444088163371066,0.016440430718318508,0.7177160509886106,0.014932732771557846,0.7206420653866608,0.01490807338332312,0.5129993806553912,0.04609786987857854,0.5142072072072073,0.002786450223023113
backdoor,0.65,0.8333333333333334,0.14433756729740646,0.4791666666666667,0.2009093908540199,0.32234432234432236,0.09971177720744465,0.8333333333333334,0.14433756729740646,0.4563279857397504,0.09704568690778038,0.20178534662784198,0.2763069652046344,0.729445011255243,0.03549168434824629,0.7176168504345798,0.03320537599470923,0.7223667456832992,0.03955530792106704,0.47550828658596495,0.09500138852148779,0.3475765765765766,0.20166156102739763
backdoor,0.75,1.0,0.0,0.9375,0.0,0.21052631578947367,0.0,1.0,0.0,0.34782608695652173,0.0,0.21433718638783494,0.1047066287690178,0.724121038397383,0.015449038146396138,0.72163441738115,0.017793122571350403,0.7248865093806415,0.022660297582382204,0.4514409567289331,0.04399338765487803,0.2675495495495495,0.10291111972682201
label_flip,0.35,0.25,0.4330127018922193,0.0,0.0,0.3333333333333333,0.5773502691896258,0.25,0.4330127018922193,0.2857142857142857,0.49487165930539345,,,0.7618827835268588,0.0038810113658229164,0.73328542099066,0.003271103476139032,0.7362849833421174,0.003355276075077033,0.5647267444453047,0.0129826272052508,0.5166576576576577,0.0027218689779074717
label_flip,0.45,0.5,0.4330127018922193,0.0,0.0,1.0,0.0,0.5,0.4330127018922193,0.6,0.3464101615137754,,,0.7629435294498697,0.001994833691664792,0.7340744458824102,0.0018732653573404786,0.7371488958737261,0.0018202845498406723,0.5685394215456298,0.006239876247791627,0.5177387387387388,0.0017403250943823186
label_flip,0.55,0.9166666666666666,0.14433756729740646,0.020833333333333332,0.036084391824351615,0.9333333333333332,0.11547005383792512,0.9166666666666666,0.14433756729740646,0.9153439153439153,0.0750129464484541,,,0.7598503619491814,0.003910296621694124,0.7314067895084282,0.0030097259085831757,0.7344393408232198,0.003237382132373555,0.5585566492250198,0.013779534905714395,0.5166576576576577,0.003419141466246162
label_flip,0.65,1.0,0.0,0.4791666666666667,0.2009093908540199,0.3644688644688645,0.11788670360259412,1.0,0.0,0.5272331154684096,0.12145847376702701,,,0.7292668707185541,0.03950388124223553,0.7154650008019456,0.03933564059252197,0.7204878581484512,0.04492462589085592,0.4762136682087779,0.10501106449836442,0.36626126126126124,0.21194387864286307
label_flip,0.75,1.0,0.0,0.9375,0.0,0.21052631578947367,0.0,1.0,0.0,0.34782608695652173,0.0,,,0.7127524332377853,0.030186119029025335,0.7062809406714751,0.03654246117016364,0.7085370324882369,0.04084411855479805,0.42396411038386256,0.07535878787492085,0.3331171171171171,0.15050707894728965
sign_flip,0.35,0.5833333333333334,0.14433756729740646,0.0,0.0,1.0,0.0,0.5833333333333334,0.14433756729740646,0.7301587301587301,0.109971479845643,,,0.7630447456638975,0.00168526911246688,0.734072766450815,0.0014857807081955663,0.7371911347949025,0.0014915871952313018,0.5691773291878065,0.005490532152445508,0.5182792792792793,0.0007233622762575331
sign_flip,0.45,0.75,0.25,0.0,0.0,1.0,0.0,0.75,0.25,0.8412698412698413,0.16723259925163084,,,0.7625710537822474,0.0015958404532758676,0.7336664795306506,0.0014524258233790804,0.7367775335999548,0.0014363349477471033,0.5675938879523766,0.005035133540447929,0.5180990990990991,0.0004327138723792034
sign_flip,0.55,0.8333333333333334,0.2886751345948129,0.08333333333333333,0.07216878364870323,0.7222222222222222,0.2545875386086578,0.8333333333333334,0.2886751345948129,0.7666666666666666,0.2516611478423583,,,0.7574414160553208,0.007517117181093383,0.729363278047504,0.006190156595478934,0.732341192467505,0.00644314133181916,0.5510255524868608,0.024451269159029107,0.5156846846846846,0.00417043170531748
sign_flip,0.65,1.0,0.0,0.5208333333333334,0.07216878364870323,0.32634032634032634,0.032299315758860185,1.0,0.0,0.49150326797385624,0.036225899243270646,,,0.7498137621661889,0.008568681326892721,0.7311502951352445,0.014948957526960939,0.7373548637758027,0.01962065517563087,0.5302320887834586,0.02338112676408505,0.38575675675675675,0.22695525892655424
sign_flip,0.75,1.0,0.0,0.9166666666666666,0.036084391824351594,0.21442495126705652,0.0067526347273640435,1.0,0.0,0.3530961791831357,0.009128067497069162,,,0.7103758765324134,0.018659779366489524,0.6936202625690088,0.020109444060787796,0.6945883897221142,0.01931719349295651,0.41753879489963647,0.045356885498479514,0.4614144144144144,0.07661104523665142
